{"cameraMode":{"drawMode":0,"name":"Shaded","section":"Shading Mode"},"sceneLighting":true,"audioPlay":false,"sceneViewState":{"showFog":true,"showMaterialUpdate":false,"showSkybox":true,"showFlares":true,"showImageEffects":true,"showParticleSystems":true},"in2DMode":false,"pivot":{"x":0.3283538818359375,"y":0.06567072868347168,"z":0.0},"rotation":{"x":-0.034794289618730548,"y":-0.021887676790356637,"z":0.0007622173870913684,"w":-0.9991545081138611},"size":14.932443618774414,"orthographic":true}